PC1,PC2,PC3,PC4,PC5,PC6,PC7,PC8,PC9,PC10
0.0747505650031366,-0.2179573063560396,-0.15126873025276844,0.08038977653383868,-0.09225739678320063,-0.04565604667812878,0.0349742872970204,-0.1133055684603963,-0.23233471152025914,-0.06123555218986493
-0.17523102511872457,-0.08665390997630895,0.42466824526928904,-0.025567708200846626,0.044063201242153405,-0.11047549569274195,-0.11419259653931035,-0.07249615437255508,0.17942335967102963,0.05113054529810941
0.26760808159328686,-0.3257295249762271,0.08655716515082856,0.12172562128438696,-0.14549459893735708,-0.1223949212538532,-0.1285000735512366,0.012576446573639655,0.06989975663603973,-0.04990297363956181
0.033518766510320375,-0.49874589720014506,0.0595757304828719,-0.0032981309650537555,0.06319277148774782,-0.13655940907569325,-0.14813316819166383,-0.1352381297046416,-0.24446930107362608,-0.05299661800388156
0.010026247150549117,-0.2508582913751558,-0.19685775668002947,0.17939887403031451,-0.18280518454687025,0.025170324135819377,-0.09624202196304632,0.13916339798918229,-0.02638455039450935,-0.08001861450151207
-0.13993942941441695,0.041266296195578644,-0.20570605305046796,-0.2746140181555833,-0.2096505543964897,-0.10015554226816747,-0.20353434260077707,0.33791047633872345,-0.20491281476528217,0.21948517545158816
-0.15742881217881555,-0.008207106179702772,0.11619102664650394,-0.21656164586587173,0.47862713800148304,0.006172416634311784,-0.03881364367002865,0.1149385249594031,-0.02968555130394837,0.09411601806070703
-0.2260637535391734,0.3007941519306958,-0.2442267324137849,0.3931086761564651,-0.22115516601336993,0.19666364158165955,0.09443351823832588,0.009972476171132227,0.22668667211206092,-0.06329739906585247
0.1616905606879635,-0.27425056391263253,-0.09386233697956847,-0.1758654147628457,0.01731550884230315,0.0412162619795689,-0.027348794279882793,-0.009154798069480774,0.055985868157107266,-0.07677947799840087
0.22642006775677015,0.026815424940942578,-0.18293132214756513,0.23522228890966945,-0.04033561607938729,0.07359687190154457,-0.16944243492965683,-0.17985467690707335,0.19396408430946213,-0.07096569570521774
0.05476748343630666,-0.228724914682776,0.36234736389606315,0.24404801468128254,-0.08747788741287932,-0.02925925520376149,0.14822400226066385,0.05436394265051342,0.08094195966578793,-0.08359128087054565
0.05459166584603892,-0.4863573192354816,0.8030728980335834,0.07608617153848245,-0.25305932792134134,-0.04889288146661508,0.045433102689174776,0.09469892386710421,0.0851449372143386,-0.1058645999690229
-0.02797206080237047,0.03156645506924849,0.3218634379167641,0.2318612735166897,0.05327935157651137,-0.1066358892408561,0.06670187341020944,0.056842769029038065,0.22070968243023606,0.09375083443188786
-0.08351222217778231,-0.10586914031070827,0.19558389349060568,-0.21215770835831488,-0.025386345574322844,0.16848506363312193,-0.25253917982610075,0.2123755681967059,-0.008771802864734835,-0.04387599934036687
0.12680933748196233,-0.29947216745536726,-0.3259997005758605,0.23455402441228024,-0.051477863508957,0.17404377120248188,-0.1652001791694856,-0.10630597399209368,0.147194069089164,-0.07379185494545448
0.2540650394065208,0.21908792531990273,0.04494603683982945,-0.20201873268203252,0.04601567036475712,-0.23918235918928368,-0.0656048473638427,-0.1762573654041938,-0.16905841737723426,-0.08287100826548058
-0.31105676424117834,-0.24094454492439477,-0.5776452643191766,-0.5024944016217919,-0.5213698462678682,0.003664846403879929,0.3190209156601193,0.22320589983657682,0.1577092867402963,0.02289238710479334
-0.15672045344650465,-0.20544126307925398,-0.04240437303261313,-0.320078800906812,-0.058625889571018275,0.17987364365689523,-0.04518537643535159,-0.23662723002569686,0.00745775855004277,-0.09155214058303943
-0.4805583004121803,0.2223982948312685,0.0721634825408326,-0.2516665779865347,-0.23186266330783958,-0.11945393432881385,0.13180133330753713,-0.11148661046224906,0.023353003373889042,-0.03306560710480427
0.5012055271991074,0.2611143194406931,-0.4076829515494021,0.0735007648759995,0.16788724782799147,-0.10565126983213846,0.20719254255176814,-0.06400799955391162,0.12676620572984432,0.1140802292411903
-0.3797306782377474,-0.05873462146746633,-0.1694092692208785,0.03421470190214988,0.4541112503852833,0.10242440726462515,-0.09187668105316266,0.049395189827032726,-0.14898913463194036,0.08246782118187158
-0.04280827417037203,-0.4512668408271633,-0.5600176878010452,-0.5251625285664269,-0.34037583538555294,-0.12815825322666513,0.40679415161637655,0.08354007411675668,0.4164399142377131,0.03959965361190977
-0.2498240254755666,-0.03591846579259672,0.05724399192796792,-0.05581775188890439,0.10274121540590903,-0.07682973730131498,-0.07704488540394966,-0.018980459925989124,-0.03254077116114604,0.03426093893225554
-0.2645020023406004,-0.16796873800824352,-0.04596860103457423,-0.5168815720489329,-0.23299305774595624,-0.1902755201904196,0.5330603847385369,0.038138706397400746,0.2905346597224042,-0.025347864950993115
0.2810532298354631,0.05377943118414519,0.3155371687288765,0.0061797391292431475,-0.03650394323502798,-0.24068416272063095,-0.16082810293409616,-0.1283486093140817,0.09011868426749604,0.04199083881416446
-0.11653082261486081,0.4497007133389357,-0.12478531949394434,0.2279759370112301,-0.28087860865906666,-0.06740765693356615,-0.20185826007702656,0.06268921437668346,0.06885190977161154,-0.0364127444546985
-0.47298929655677613,0.4046161696183346,-0.2711103886160814,0.3229009925233445,-0.19251470322793127,-0.166141555933713,0.11229630828217083,-0.25090233568089026,-0.1418895687731795,-0.017803485063242974
0.1856731215283356,0.003301206527126288,0.22017781658188385,-0.09206951766838675,-0.03176220537831048,-0.1154224714701595,-0.01854571049789483,0.07222902387270758,-0.060130581438934794,-0.06371956199829756
0.2101961478513672,-0.16021965286392936,-0.01868844498498623,-0.0022596473377706344,0.04857090220750521,-0.02804950384934174,-0.10614604182696841,-0.08025354348977976,0.06272987560366625,-0.0583882842145205
-0.08944370976361604,0.29714117979876553,0.15439850992226245,0.1766383506096258,0.07818647959452213,-0.004876647783167987,-0.19115938436220326,-0.019462348958120823,0.12439751957797698,0.034123127531263064
-0.10229678616979587,-0.010617325664697641,-0.17047891062692833,0.17268611437202122,0.07609212175006208,-0.13195684869839747,0.02734234322127682,-0.18957677538571804,-0.04663236576435412,-0.003267334815818229
0.2972212010198129,-0.2694183415709701,0.010049627407443973,0.3494981754391471,-0.20156446101977402,0.0883042114130555,-0.015592080726167357,-0.048105136147813476,-0.2178441693155237,0.3788162825639254
0.5994250986205659,0.389747954814045,-0.4663966802362926,-0.001791540492428273,0.11850340835751655,-0.35824944497314115,0.26807336584328584,-0.10801929165451751,0.053689603842274,0.25895298973445174
-0.11993767732579741,-0.04878524355548852,0.2837291415992581,0.20730276048576318,0.11494891120018591,-0.0772904882008455,-0.2771443542156914,-0.055486579030867345,0.15780270836391716,0.10471738792273066
0.0018116959858472947,0.23262034603051784,0.09554207814350046,0.03678454796870932,0.025127723951564207,-0.1344087476444744,-0.1019902797740943,0.23561394541868375,-0.0003098082067277963,0.016682929336598526
-0.14415485134517225,-0.3234544471069711,0.43495381244716225,0.1937849106819608,-0.2147496460995719,0.07292695746064076,-0.030728771323069837,0.042077222000133474,0.03769182948122715,-0.0652178931937995
-0.3256122186038368,0.18005090645618704,-0.23708249795566783,-0.00517434154321969,0.03612413720852009,-0.020473785910291864,0.039396409681088485,-0.31890651701449235,-0.021729447836826232,-0.06105367379516921
-0.5086597226901746,0.0027406809138287302,0.1234041200773407,-0.058870112255483775,-0.019028766838075972,-0.051173170673620816,0.04276920202545148,-0.15038594458212529,0.10852338244800978,0.03862678270792991
0.7524895087631839,0.20321175332650065,0.037870653206834914,0.07796383561303562,0.12403762238081556,0.06115871104731535,-0.0803297974583621,0.03224046379911094,0.46221268348123234,0.10608904802170586
-0.04810731693007142,0.3182753635174682,-0.012615764553469133,0.07678413866312873,0.12734530725649956,0.030788484730859766,0.1291628963799695,-0.15988997379616754,0.22513164559081045,0.021808001441188524
0.5012272353336529,-0.1716520714796661,0.0019386143625490515,-0.035078092611715794,0.2915934099640679,-0.2074332134320575,-0.049998332442945326,0.07039533420679789,-0.008786312377694366,0.0826159535428492
-0.19876915514790416,-0.3004305487477884,-0.2007042849748052,-0.0421523651271451,-0.26083234096162455,-0.08742767028304199,-0.07976510594828617,0.09943448198180144,0.0070788673898672105,0.007141754619444884
0.30136373977049785,-0.31331126435262335,-0.2086697305172751,0.2503362823220077,0.08400275896279535,-0.08428245926437833,-0.09529324856948351,-0.06741951695055565,0.028769069572915862,-0.021337365075815573
-0.05725185065352656,-0.20642660198428447,-0.2753553740577518,0.2777383239781701,0.0638629610331391,-0.15999156057720254,-0.012271929392089542,-0.02360460072282161,-0.010102209473075108,0.05225401480724477
0.0034660043280646535,-0.054797069000685594,-0.43049419903116726,0.09866449716081599,0.4391549868396789,0.07569647275371166,-0.11846904520321538,0.030682138446369023,0.002126773982546598,0.08795030893211336
-0.26269623698142053,-0.031172372863489395,0.007678226726692827,-0.023107435407636226,0.2938221483883945,0.05375167217683602,-0.12231004718134508,0.03375773044773461,0.0037484381695004343,0.0955349801318225
-0.6081287243912723,-0.08434884740405413,0.06680114893756006,0.7140787586387018,0.08768176515669784,0.27632647484620626,0.5293281659846278,0.2229404059340102,-0.26401823711249883,-0.12828068063873355
-0.35425048567367146,-0.013724983491757548,0.031661593560766144,0.07001400987276586,-0.16181397403498846,-0.18233506919229414,0.11521227490772618,-0.07727184615238858,-0.15906803855623458,0.32321707755863005
0.10795970544659805,0.23652516758973263,-0.05579091485033516,-0.0507883692248666,-0.0655867647248507,-0.06116833333472438,-0.4056495435263522,0.17570006824358547,-0.12088222509210111,-0.03746222191399909
-0.20963270951501323,-0.543476420898671,-0.13172500262729425,0.29060368584312174,-0.09111749702186386,0.19057626960008195,0.04759672414007832,-0.04656800264451921,-0.13076518635858791,-0.05729729058208893
0.5181198654089003,0.25013949222857423,0.6261318154344339,-0.2664958487354781,-0.13957218396138446,-0.08276288779630236,0.16649496951749762,-0.2561235303859256,-0.29684905195747374,0.36525950381933503
-0.17757609797498053,0.1424968895982519,0.14386480782521416,-0.044953337754766357,0.27861417312722303,0.05428346600416267,-0.05224208787393797,-0.03790782305011109,0.03197432692359545,0.034330054570866964
0.5970696219748182,0.2088578518408316,0.32749604202290106,-0.4756972066906836,-0.05476551188291068,0.027667442576654655,0.03504534182741381,0.10690223116342101,0.05000440649259774,-0.18274463477194378
-0.47726872932810926,0.2115961223150692,-0.08664418625973114,0.13552892545762518,0.12589628427807992,0.29779308005628796,0.1899798338475081,-0.16975957793751084,-0.0245126234302675,-0.0765713751387403
0.5184196528269366,0.19527597608423464,-0.04467851396467226,-0.10742765784141906,-0.1872229765953539,-0.04318416667555286,-0.0018536303647440633,-0.04984062468404027,0.21408010633025346,-0.06518533724079206
-0.34534157239109176,0.30555121899963267,-0.18542928114464563,0.18592811472046017,0.1427742678558111,0.07712226694199292,0.06625028258147952,-0.2301648709531341,-0.06892533397000988,-0.06607955845064101
-0.1767198068821909,0.05329061378892408,-0.4205368001987178,0.1888536414165407,0.0815417964766812,-0.09816126697424526,0.05566626500280503,0.12606723470850692,-0.14410492207206071,0.015139828650687595
0.14970056366561635,-0.39496111176085763,-0.2871778374296141,0.19235591115257464,-0.1761154885301879,0.0998614075788184,0.015624368604445327,0.016902189777648402,0.1860032279283709,-0.03272902058549465
0.3572066199909099,-0.07102711491825076,0.23945968220239344,0.11718390337794746,-0.02753707455906207,-0.0032456910826390017,-0.04267980665540139,0.07920744215863534,-0.007916046015929018,-0.10688831823312062
-0.17394169029510542,-0.36670889972731724,0.114074692297366,-0.12536636893724756,0.12473540320206938,-0.03527778735438142,-0.05165969127513631,0.00891706801804687,0.07774970569383771,0.055220753415765184
-0.11588138469847442,0.10676663287081234,-0.14788288142633144,0.4252957406843516,-0.12327216869766874,0.016386620408548547,0.06001583610922284,0.01565034797881898,0.0015833509148323044,-0.028690264670230697
0.3289613670897694,-0.21588312619421512,-0.14363999841098574,-0.09473450525293764,0.10571706349080917,-0.10666145614622419,-0.06306577734608237,-0.0881152069732713,-0.010343651555820482,-0.035489905097112834
0.3836566686871804,0.008036656019285049,-0.16310739488355552,-0.2376040077765933,0.2414662468411215,0.003312976907242471,-0.08313703112719922,-0.013463518649837525,-0.06879077107248516,-0.07803648049760731
-0.2962462275815523,0.19018065250118243,0.16082814857695082,-0.11213791989407848,0.07958958443576786,0.11353247399903116,-0.03954563298545988,0.08022755893827521,0.0392543224031216,-0.037377184140478525
0.18153485607379638,0.05349405242251637,0.2479714310684059,0.11354605331696535,0.021103565995875817,-0.09876080916953184,-0.20632764916393265,0.18169035812556872,0.24855617342013264,0.049530270373886534
0.6354439595580594,0.3087010929880737,-0.29208471438361006,0.0670142702992502,0.20287674763289065,0.21611944496621222,0.08575174421580284,0.0825020405298808,0.3496182865693579,0.042235552382609676
-0.3620607218799943,0.12498705945393851,0.04535460651354739,-0.024280074976545635,0.13437002062171605,0.07321409377334948,-0.007364765043327337,-0.12404018819891233,0.03526031402889507,0.01237580530972314
-0.3859647343073078,0.14111802201996437,0.4125997334496353,0.15386907732016802,0.07123398610207993,0.04327999350085282,0.12310644962774472,-0.020336985998815393,-0.06792413030385258,-0.03091821654787416
-0.09531665268551082,-0.08043651069970859,-0.24688916516544357,-0.1249419827592261,-0.07831699319333485,-0.19124993423131964,0.16927722429157682,-0.2639545374305774,-0.24327382989034013,-0.11490071847295166
-0.1005832679743287,0.056157234207532936,0.0441273891759163,-0.2587609290612399,0.20314653376694525,-0.1248896721539346,0.1546994403441151,0.07427179946798296,0.0386782890734971,-0.04422966148474031
-0.06423636946785183,-0.5558862933181039,-0.4050147307018031,-0.14872810883389878,0.027449421090981252,0.11758778314765866,-0.06612976104937968,-0.028411866622191417,-0.1828409536204672,0.22958005989199173
0.48631188033990513,-0.006668252890752124,-0.12195388857939748,0.05363786280779557,-0.347294182360225,0.1358479970899102,0.017905086405538007,0.010348048542305921,0.1462626547234879,-0.1792844148542633
-0.15182549321957695,0.4481171044732495,0.03725909037473252,-0.0032710188452406974,-0.04122316954121863,-0.007076059070241836,-0.08001161984717808,-0.07181779912371439,0.08806353353004186,0.004844542921634179
0.3596150260688887,-0.0315803328651203,0.2643546878887689,-0.039558575357035386,-0.0282699915446053,0.05557535909025796,-0.23945414214706595,-0.056256969525662226,0.28312987588459504,-0.029716477277087205
0.3404679644309331,0.037665601997657894,-0.0738532761105758,-0.2537923072339453,0.24607479626405315,-0.095799977215545,-0.15360989507305173,0.14815555268580738,-0.04805685342278068,0.041227628581555334
0.0203682515461594,-0.3295134473421955,-0.14326994608224797,-0.3369577122547623,-0.00504392611725657,-0.044447853921411706,-0.031971120334925995,-0.090601081043025,0.011455124014691037,-0.022911887238741158
-0.07788029617213765,-0.3952683219366608,-0.3778010862375929,-0.01730533837181711,-0.4407508025427638,-0.4262171749202754,0.4057505669211374,-0.0743325416614326,0.02118693361127605,-0.0398337424619542
-0.29541704342585007,0.649042854370127,-0.32628856392555894,0.2645342565256768,-0.15281852659418318,-0.27335436113838174,-0.3647488222414774,0.025435287796211015,-0.21429946049978948,0.10239171492459537
-0.2625072261078336,0.7929261923829884,-0.31866703098302507,-0.05902186977815774,-0.43674957011022597,-0.17656842722005361,-0.5487723731265727,0.5833481382562408,-0.23614805131069377,0.021990134602509787
0.5070913805948305,0.31679169323565015,0.03579953819784021,-0.33102849963193887,-0.1303660727627002,0.5192239892588515,0.06609940889729382,-0.18402217644615737,-0.17699772144432568,0.1708422707145985
-0.18964731279321922,-0.21190324683832956,-0.05463457524719717,0.2994096681461412,-0.21104352822256073,0.17554931616489872,-0.1963644509765866,0.24200024193794017,0.10405149916179735,-0.017260676293132826
0.8246456849551915,0.3360285021294196,0.0428963323122431,-0.15128135755368333,-0.16460373087569188,0.23911556346754886,0.18698674809356783,-0.06699823347989403,0.31510070564820275,-0.1979013000317815
0.010039937363626739,0.8918109805887835,0.13600038087554545,0.22457345493274455,-0.32900086684973073,-0.14661983719976512,-0.0432758637526956,0.18616983128516798,-0.071436614074321,0.0010059176275541704
0.013798463755219426,0.0836841248266933,0.009847357125789324,-0.14899526070897653,-0.1446875955332718,-0.13043707311504393,-0.04536747755721965,0.03945138184819108,-0.15841116712586356,-0.0945755235831128
-0.1860171321693106,0.05852424762686259,-0.25689617859258584,-0.003674561703245302,-0.06652639362084473,-0.20316205397542395,0.0002521590861374601,0.027957408955581575,0.12885602931048162,0.04014245731096218
0.15150001371066657,-0.31126931248082435,0.21652380734295174,0.26498195678246383,-0.013800261215961618,-0.09574270998125417,-0.13845039186082403,-0.10153283165434557,0.02082094045598115,-0.04075891020019595
-0.2851108145728969,-0.7594960086065259,-0.4194447982323292,0.1046450136282261,-0.12772098908168636,0.13858395112562633,-0.12523315392917256,-0.07070433055745617,-0.04327941724637177,0.10768322151574836
0.14994719362032438,0.3100987158651549,0.6394054482690518,0.19220850164273723,-0.1361267633752615,0.19963031544974058,0.018582631688559226,0.3303122879166073,-0.11890870540215265,-0.21428848460374858
0.03409786334841303,-0.47116728865728275,0.009988876155523907,-0.0365882402134519,-0.10351598754520544,-0.10622580280704791,0.01750186017146871,0.06525317958018412,0.07616631860192974,0.01367350441486817
0.8781489811555689,0.2703946022238537,0.059839764090538705,-0.14421038217821852,-0.013418819833181439,0.3906959653189032,-0.043724293763899025,-0.20462979088394517,-0.22871409589776515,-0.08081354325142787
0.7827698406242982,0.4309348330704159,-0.21658924715721317,-0.09932855336309224,-0.36652900325442456,0.3493370195280456,0.5944508769921304,-0.0508846670312611,0.25681517578142987,-0.030072563804936975
0.22605802880002335,-0.07897836035839578,-0.0680962556979905,-0.01176759021579199,-0.06833810130796908,0.008073186909360375,-0.13005436414862753,-0.22304777884590132,-0.09702181189401016,-0.14896907020197817
-0.2326278700270883,0.203278790995292,0.2968996272677972,-0.008918923497508419,0.3325247620954269,0.3037207994852717,-0.2798791179407769,-0.038325398490867746,0.18411659628818805,-0.00708519525953058
-0.5357506106363936,-0.15621872177733886,-0.2820591705561484,-0.489439041438284,-0.07590282109025492,0.5040253745293757,-0.15464262317092986,-0.027819620963457803,-0.12952033008613534,-0.08586572696808872
-0.34252865362936347,-0.08450278564256353,0.37056055376930874,0.18076959922917563,-0.06450306582969872,-0.5884843491252492,0.023813901334804988,-0.1686930520799904,-0.007567584502456065,0.1867043580894099
-0.2694504515872036,0.3624444304870498,0.2846832387552859,0.020735984291408376,-0.1110168633529319,-0.11983527207637495,0.07087962830843281,-0.17688333198069217,0.060795060856279864,-0.029162536192953642
-0.049427015137564756,0.14135851832268076,-0.1974207452358514,-0.1346085764597788,0.002989752810466595,-0.14390857509238825,0.12111344432820129,0.3124907792134106,-0.08073124007016752,-0.031800223118307575
-0.12810649036384714,-0.5309885975825793,0.2310974196480441,0.1081055532424226,-0.2507088393544271,-0.04617739666209836,-0.03365601805543622,-0.13501674670829783,0.06792056854997205,-0.11865692495648816
-0.27890093960037765,-0.603297439522268,0.3031841498524609,0.19087568193842566,-0.11181947148820795,0.07383695823025466,-0.1502762454321776,-0.06739977551876436,-0.12761373147239996,0.003494416522079713
0.7762938089744954,0.2529604280099318,-0.37018560535785827,0.12655925632190912,0.0632031287206749,0.12953316726325598,0.12404419360580121,0.04044163456392763,-0.08705906569218874,-0.0769659887435509
0.07378446210196898,-0.28437363330267823,-0.2728348561118321,0.4092575131514238,-0.06696889778066312,-0.03443532646084585,0.02276666828512036,0.11344704801695846,0.10882950840209378,0.008566678347844692
0.06650955058123453,-0.3384732522301847,0.17861761839829515,-0.05416839871216092,0.03075809625876752,-0.08630487903873485,-0.043534579219710545,0.02146046079955355,-0.03544609065939522,-0.045137105158423535
-0.11769855383514793,-0.47311742182834227,-0.0765187432869282,-0.3548382429577803,0.010545552718925544,0.22758667156234919,-0.02870900554831507,-0.10581188237349143,0.09102463095455562,0.011296142215811836
0.6383746007651114,0.07087652810404232,0.13024924100242607,-0.19244055417647843,-0.3142102464634149,0.4937560796624186,-0.048947446970732444,-0.22115643931167484,-0.3152412227199027,0.14446527318673208
-0.6625602315202128,0.18464114047853986,-0.05663606173727753,-0.11229627967698522,0.09873502689175412,-0.14989320944621776,0.09264287570106561,-0.3073035565543756,-0.2054318924268142,0.03189891492575919
0.5252861890998878,0.08126485157491603,-0.22092090491754623,0.19759917857255316,0.09098846023954726,0.011351658937637066,0.10893575609715289,0.32062768025048966,0.24356971326179205,0.06007889611137562
-0.32924189047917785,0.03272907885855458,0.4547154018786025,-0.09665097843211715,0.15551764448383404,0.05733563458030899,0.11139334149084973,0.18142145532750034,0.05450860195566487,0.052273962141549384
-0.30658830593969033,-0.13259045556093607,-0.13359859550036113,0.6650515656791145,-0.1934201839676144,0.09491440392938572,-0.07228861478333065,-0.19479989911038464,0.2529998212502465,0.0409126744672879
0.49561365610954317,0.26615069298124816,-0.25975968567069474,0.38001706711767536,-0.1392205406280953,0.04359141573960024,-0.02715246912264846,0.08469099642461275,0.31984224394879635,0.16640220306869707
-0.10353655250577065,0.24707689780092545,0.048018512327805074,-0.1497058441499478,-0.009289993811282482,-0.09310272788937407,0.06748659449197014,-0.0870799018249454,0.057338765226782135,-0.033822671565368057
0.7009301474020817,0.2436517059094816,-0.020040581207733554,-0.19817516096835136,0.28180059361618703,-0.10704139229254284,-0.1304730934362862,0.005932907654632946,0.09094208392385085,0.12489020266377339
-0.1268862838584922,0.06886742093243381,0.022841041282947172,0.19441929721632856,0.08295925068508309,0.08211210736446378,0.4740887340287654,0.046407623260953657,-0.061917001999618304,-0.10144624926535775
0.37748571024425476,-0.14104655626871443,0.1131091726846214,0.2532031239233612,0.011524434775063819,-0.14281525462607814,-0.12218432648517213,-0.07764246197257857,0.05341959920113454,-0.02861213320339437
-0.47123756426628094,0.45696440094806023,0.13600086820440016,-0.28805006756067036,-0.06417267873898291,0.07257306898093802,0.0903362061675606,-0.21448182755576362,0.1948396245599428,-0.032066648676838894
0.13907464345310838,-0.16772398065266875,-0.07444734019259058,0.2727919760333162,-0.18288431600395907,0.06204618588525068,0.0076319448583711536,-0.0675196058313195,-0.033333148450983285,-0.1436572583547294
0.3818057439878003,-0.10479434410178101,0.21704515968976013,0.15646474763375623,-0.0230558891573725,0.03338734627156975,-0.15327625786977972,-0.0735108791938619,0.0486434772705816,-0.06978654350233521
0.4191492542013288,-0.13840055011802832,0.24663355095380146,0.011124400274942263,0.11263511961587286,-0.1486174731920023,-0.01748405396211533,0.0024811574237371126,0.02030514139001474,-0.02180617909714716
-0.19909663206911832,0.20825818384265948,-0.26007255078479374,0.27726852925570256,-0.12611988408021285,0.1939010275118836,-0.17627615002342123,-0.05989263706287029,0.08650958071637901,-0.04492169348820632
0.36757998322523744,0.4815644163006929,0.23989960579397518,-0.13709766115416916,-0.22209819737461395,-0.23026060921573804,0.04313876041167247,0.08446024519476397,-0.1968143859250569,-0.07529502942491231
-0.12049056574191841,0.5914597144066169,-0.25848193157388766,0.3539532448374932,0.06689857180104997,-0.3065575429171288,0.2501263408997337,-0.4247812510669863,-0.36942431707933737,0.004275010162912055
0.4506055020587111,0.2792770933467079,0.08118711144445556,0.05143070443854242,0.06553356822887318,0.1425381904119733,-0.10745284122854182,-0.0030146493496958082,-0.31816313665233836,-0.23533976049392138
0.05065054935322344,0.30752836716137066,0.1389833611438671,-0.4165211374494065,0.06273744022416344,0.2614281967907554,-0.2579311483705188,-0.28832054918718253,0.034248409966470134,-0.22068632764336807
-0.20674780926066882,0.028206621291623102,0.1040536587587495,0.05905659385867329,0.43663320885621504,0.09038487096798647,0.043203467166245846,0.1665756519933135,-0.024369820438340795,0.06656992767399468
-0.41595543838474547,0.38555913143568965,-0.1914283060205505,0.1838628897599448,0.023125282936143854,0.04760692730641347,0.029663231093485176,-0.4173406340070934,-0.039837027662585595,-0.033972319628397835
-0.09585928796842613,0.31560196925940387,0.06720941733395447,0.14970377824183734,0.1689859867785134,-0.006948690681250702,0.014703449743855679,0.015212041385066488,0.19136233762426164,0.055154818944226205
0.36242286481618685,-0.048820796278807976,-0.12659957926322163,-0.21462003708930222,0.2715699827507898,-0.19613123288504566,0.07250449489679914,0.027943216913557778,-0.014330607666257794,0.06093085963755729
-0.2759793262307906,0.2520238944104316,0.040604831657445994,-0.07515072738448295,0.2891731822854364,0.08736097508147772,0.09700270863577967,-0.12584258386961178,0.018164619402731286,-0.04070523822260358
-0.3357285952679745,0.4295613367959268,0.05352015231815166,-0.2194523832283573,0.05929467836211816,0.15993391178303168,0.025078577762223164,-0.13636748165430845,0.10444956808980292,-0.10812895505557352
0.12698825190033458,-0.050413651162030115,0.29072924488878493,0.24799312914459953,0.10213170897641316,0.06637699637473032,0.012066105830380869,-0.060687678424388436,-0.0448506008587965,-0.10744206654053862
-0.1619785671350623,-0.3421969076770885,-0.03511879567535903,-0.15658055600368434,-0.08763625421476101,0.3051850607959287,-0.0013553032959485733,0.02196981678156379,-0.058756212489434856,-0.13563660292819912
-0.4688331610372334,-0.10885589013548724,0.21283803685877267,0.3795325105532214,0.09980957634695681,0.18715275600783537,0.17541031894730955,0.10686503783749202,0.10896101360036639,0.04017577303067052
-0.37257289740244226,-0.052159950844914205,0.12769489110220522,0.06275963547246018,0.2540193919067609,0.09690924547042795,-0.016959028042119184,0.1733685597260301,0.04145625358126229,0.11201410561876812
0.39930251815610357,-0.27916743234851327,-0.1576656355164825,0.03065058744388619,7.506848893151785e-05,-0.34490068428252024,0.20140418420850115,0.22581444939420148,-0.09883977255554405,-0.008269381289115002
0.7496621169108358,-0.12079709268262895,0.21426574342094795,0.1254516827778862,-0.15520059290748636,-0.0551514685972877,0.15197172389341318,0.02347910293612604,-0.15486229313648092,-0.22379312428207412
-0.4966503067923649,0.1540877581895883,-0.05592741011625457,-0.0050953891884539665,-0.37353030806878906,-0.051221724197330565,-0.2099005701548997,0.11666754235509394,-0.14935320556045434,-0.014271185179142026
0.1028516748697691,-0.3357499435859614,0.21625407530005736,0.004174599201290416,-0.03279840916949439,-0.05536155238194457,-0.09969143898980698,-0.13259130030826316,0.04362542842630007,-0.04916052101428969
-0.3710843318049406,0.14912495300243733,-0.060729681963777704,-0.3812022435583589,0.4766958563955772,0.1838364089013364,-0.05541554180206232,-0.07288426823211047,-0.02022075013708255,-0.09406883498541543
0.06337139350105714,0.3841888669390454,-0.08086319457318314,-0.43819288416725155,-0.3874571688278203,-0.1087561347004315,-0.37246962453870824,0.46611104448581514,-0.19016599851028532,-0.12578676154370222
0.6558574842477896,0.19876905187096805,0.011862883312746098,0.3050200012195413,0.22707002921150288,0.12969245405376367,0.4281318896000954,0.3094139763979354,-0.20633501517398511,-0.07946844589720198
-0.006099500985150774,0.14825255154150396,-0.08221892527216457,-0.10037372086381191,-0.3664090436483935,0.1524320890984599,-0.008661332091313145,0.47436806040808327,-0.09222907433424127,-0.1624033148358456
0.31969303737848914,0.23370538741284352,-0.14901476502868516,-0.36481325834746164,0.31391536000162035,0.05345020279417523,-0.06664793115068635,0.0011339841937442752,0.02149916845286995,-0.05333297892406705
-0.026908955310603555,-0.42452625329592897,-0.06240637170713037,0.0521628638551392,-0.10019891100816603,-0.13962209688659794,0.24889818788031354,0.11033092037978642,-0.1857435049226664,-0.1544634946978369
0.1658480922022204,-0.2882571369662315,0.22769096630799102,-0.09706984066368105,0.056760468038976,-0.11574792924524091,-0.1305980993322835,-0.07655337443402344,-0.15232217077133298,-0.079408891172568
-0.33007999834014434,-0.0666190032748909,0.016353050537907476,-0.2896053205947375,0.28077903382270986,-0.003836680591041308,-0.048832717755760535,0.03644011946712272,0.012585060361001765,0.10515498390759295
-0.4163475121887581,0.43504603887749616,0.18749441595887095,0.14890192294611798,-0.03211907757052873,-0.12253746050571501,0.15855307074129849,-0.1948547902719494,0.056090440019455234,0.015266863525868729
0.1991990388532583,0.4522079943291746,0.3252886619097334,0.28605812219645244,0.053999931080028485,0.0484974784963591,0.20050358506348254,0.21772659800309158,-0.12667278474985638,-0.10481651922209229
0.18280766228180023,-0.25119971508756217,0.10369703875112735,0.1217333331337453,0.01893358782776805,-0.19309168354362743,-0.19560233200673005,-0.04344733628300962,-0.10322729107907191,-0.008609596677269321
-0.22733763367160353,0.0793745990756961,0.05663996331946097,0.11158675993728515,-0.011031639978992147,-0.14567613425045972,-0.1898174734376603,0.03623685946542704,0.07001216536865726,0.10133376226002487
-0.26895563083956686,0.13409771201294096,0.07815014682371535,0.007023922863579418,0.00012378436759841183,-0.053941001339752215,0.2814368252065623,0.1564131004660817,0.12184173433949175,0.013677753188606354
0.45347708757482635,-0.21502525338756512,-0.3516460876213237,0.13175669336578358,-0.2755651786191602,0.28379896219327744,0.13562295029475105,-0.1435986120789105,-0.052092641058286454,0.49047091242510743
-0.076400302940143,-0.4658317079278165,0.2548732452907262,-0.06125380757435331,0.09656401604602877,-0.068409094155861,0.2682525493914511,0.1317709530757363,-0.138711975184393,-0.03700574029173667
0.14269091493669106,-0.24664480759668506,0.4359066086475182,0.014251681917256911,-0.3069322718007692,0.21116113429180022,0.3770952308648893,0.2092036335511488,-0.09091580211995526,0.647698354071155
-0.09543743384941772,-0.4815415504029973,-0.13317787896968858,-0.3894908355713776,0.03773188946036693,-0.01034172941027911,0.10097773762245485,0.06564313398111121,-0.06292913812968859,-0.011653804018052827
-0.08853920935140314,-0.44049692917631184,-0.14930845571866225,-0.31045446754530687,0.225192486807829,0.07875212292683015,-0.0939084760567066,-0.013653873546590867,-0.1218196806655244,0.032065866478041535
-0.09113011788479342,0.12998590395069087,-0.13909505653375576,0.13172607015082813,0.17859490382313503,0.35202405686549093,-0.09082965786626457,0.09710527098398547,0.3334883084513438,0.03799317273092265
-0.10159634040918164,0.5066486593301704,0.516534527525281,-0.17653445276277646,0.05938325351149992,-0.04297752440704178,-0.17820397969666724,-0.005561279208980918,0.07227807326247562,-0.01513772193856941
0.16340694497401054,0.07728535944980985,-0.5371558307956538,0.34274084932972726,0.15737239257597974,0.09698955834849438,-0.11265566546256278,0.26562665802616736,-0.11715650516454129,-0.026715223710960523
0.35074112205682784,0.14294586424273004,-0.3967997338882367,0.022987448924961636,0.09077455148796515,-0.029840346400857864,-0.03507363433356597,0.25750117404330075,0.049870898305435896,0.05833073163349027
-0.3886603307880976,-0.551191610322144,0.2927558120308632,-0.0195731854955727,-0.1990685036317535,0.18674062490189097,-0.17679225830063172,-0.00937447543028802,-0.046334666868144164,0.05671342546690531
0.19298823830773615,-0.25439807408774046,-0.2934390264802339,-0.19949635487794792,0.06682450244811006,-0.08636696164116742,-0.00314007187888371,-0.13088377719183564,-0.016801214413298682,-0.012045993361173624
-0.09591880415991383,0.010222165821933915,0.07069112229686236,-0.41352952557928,0.021255003157245267,-0.13624969019421984,0.06572433999736982,0.08397686405604782,-0.12399437322605544,0.16050679826743114
-0.46829228426333547,-0.6199320730677504,0.2701408651529723,0.1230116991109026,-0.17384810698525296,0.22483291307848846,-0.04729614322780934,-0.026639998208561055,0.09215617371664685,0.14357967607319416
0.21032173616189354,-0.09867273060084036,-0.026986320362963223,-0.1240495005815399,0.12667412958926544,-0.09442438562624361,0.11004229927987369,-0.08862490017058244,-0.059397715627497405,-0.07569665148329552
-0.6318697442343695,0.16846196737516672,0.4482059846466372,0.044695080979841734,0.34673268654881584,0.3835035568761688,0.4665712100947786,0.34441223271226973,-0.18731331596156747,-0.12693403090994387
-0.16168093029018715,0.19224318166855703,-0.2839893925831509,-0.30572694250220345,-0.2079469562895839,0.09176312917508195,-0.09203135248587091,0.31495394268579624,0.0913672393637426,-0.012161752057618297
0.14325788158425756,-0.19243021420601208,0.3032394500361063,-0.08885343118197891,0.15851306514377766,0.012892820074176747,-0.2044838160390866,-0.05364413241350524,-0.07550594004824035,-0.0642216232407935
-0.28588145401550014,0.21088861643938883,0.2689623118834793,-0.02539772948347503,-0.05398432296928729,-0.16880602668316208,-0.010502331084247196,0.03896108256769576,0.07685790081325536,0.07211152195748916
0.40328114680405386,-0.11888444258879116,-0.2068697125807205,-0.10990615739044654,0.21808987869019536,0.034182638877455096,-0.07277048180237067,-0.02542953548590776,-0.00842793375656059,-0.03733628866392397
-0.094713200960026,-0.01828856981869964,0.07949854271621737,-0.10072686655585969,0.2864934517656721,-0.11641006738969295,0.06857760457462758,0.06783992329456712,-0.005437695243687396,0.0442474540647884
-0.157410352581695,0.06780851544715594,-0.012777833174381192,0.11543821012415775,0.44117465129540234,0.1557358427821081,-0.24114356993582142,0.001313465213614029,0.055179593386521814,0.06957878634074993
-0.2836038606148039,0.5501331136904817,-0.03923278964438093,0.3179829855568372,-0.24996791536670598,0.21891506745949246,-0.25848283102354386,0.17623056248763644,0.014470233989852338,-0.12566413876119853
-0.6045255810973083,-0.42307381340456274,-0.11746044623705543,-0.3309235182757384,-0.32564914693016195,0.3210112589902027,-0.025692997412001983,0.18480698342175755,-0.14005651088311633,0.027862691380718008
0.08917790225995847,0.007751138637546062,-0.16690449671063123,0.5828918188086195,0.1848832998552613,0.16040240867274697,0.08657517160057165,0.011102710427748852,0.19507150773951495,-0.03468175897237785
0.36229947518123734,-0.04322821053277237,-0.13291262910492396,0.153248884370615,-0.11212290583122039,0.0792415744213702,0.06060557721686921,-0.018615101808599932,0.06923282310339174,-0.12866060936650606
-0.1291890689369417,0.005098196986565773,0.2776515414333066,-0.26675277413494414,0.30084695200902667,-0.05530883577181045,0.0923971385403006,-0.01925553652587736,0.1410426624646996,0.04380957133199792
-0.19258339026804805,-0.29556379008250844,-0.40856563419076514,-0.2705366076222018,0.0269193084111925,0.03266376324259135,-0.08008231338219102,-0.0930101983235152,-0.17451924721280748,-0.017632602497694022
0.42787450533869087,-0.2031548415223381,0.01293918564918295,-0.06758453804136566,0.15364173600503156,-0.12434920401866661,-0.020162595413980966,-0.07935759306261664,-0.01646156335216567,-0.054021833226791605
-0.19011540336249766,0.09760957984245189,0.09565445345894685,-0.14168621492744587,-0.07745406394374121,-0.28490059820080943,0.22281850876008932,-0.00295537899868209,0.015929837953333664,0.054875601105694546
0.3438297007115818,-0.06183106152614548,0.004932737900904982,0.1426405612154933,-0.009319045282169092,0.031523209913530414,-0.10394105204997323,-0.06724930656818584,0.06416034972828313,-0.09447407991397647
0.203681232409902,-0.18327661013398994,0.010639031930807064,-0.20937749065241712,-0.024569015585939713,0.024699244562516876,-0.017734914747791264,0.04573032814292016,0.1698631248115708,-0.052852216137143554
-0.24423015864392794,0.039800552369269826,-0.3067329369657158,0.17168959185366825,0.0805827931338095,-0.14945468025656633,-0.09810279892593837,0.13879840248421238,-0.10081395932855214,0.09454723970108789
0.19070068384202998,-0.11237503361849555,-0.2588757787959085,-0.06559651638514738,-0.18410655650077826,-0.033907697958751704,-0.018083376143948282,0.007233992471207207,0.11589343858099317,-0.05639947419201327
-0.42025869747723377,0.2621778737437478,0.16895955980499422,-0.2516714060304227,0.019624066175441657,-0.07472343730009517,0.03975445664709004,-0.12155357182298876,0.2552338100384435,0.08376644115834203
-0.1322820310231978,0.2182403393997263,-0.09402171249855984,0.06022764199318711,0.32800320173433295,0.031763945542857996,0.050283727829891156,-0.004417319569331946,-0.009612777811400769,0.03652186994344399
-0.3324547429040734,-0.19589140491189072,0.2397637667475686,0.26372763691481765,0.11127262835116436,-0.0740838992245813,0.03903229096533528,-0.01200305644740346,0.004700067465161523,0.017334298919990887
0.18458383244585852,-0.263169806482289,-0.044236965815952156,0.4165145117173161,-0.0940278479785395,-0.07231419119588256,-0.029806146853868287,-0.04055036500299669,0.022619114333910395,-0.05794234759602834
-0.3628436110913684,0.9734457513555934,-0.2401867925110328,-0.04501923947143413,-0.342600277854423,-0.17856679910793494,0.16400167860073256,-0.2080743482627464,0.18063830768632236,0.13972724946270837
0.06486011884594389,-0.28600607233545017,0.22174365043875877,0.13578835336003217,-0.26009695917485265,-0.048984980094017805,-0.230797819887412,0.011923152388592928,0.09903012644744677,-0.050792487660597574
-0.03121135377700246,-0.6337171704457377,0.20259250377591853,0.05789467581568264,-0.07215581297080903,-0.1688383475273787,-0.07607601630293714,-0.0489102197833321,-0.15924555805869733,-0.03329410526162008
-0.6900369526380459,0.48921633512150775,0.3428342318610901,-0.16642879887658418,-0.22074020750830484,-0.11406712205511915,-0.019508416947289886,-0.1901531398777515,-0.10299914199870358,-0.01677865477493315
-0.39886068251258067,0.0508422084608966,0.21345743894346547,0.05963237129869732,-0.06748428908787824,-0.05341229057166624,0.006396328781565652,-0.1771286414949832,0.2730818711964278,0.06850504035527355
-0.6715585268013256,0.040028253728015106,0.0002643108654725168,-0.08465104945257329,-0.1747119369083527,0.0864435315546252,0.0879971640393728,0.001268618707817304,0.007217141394486842,0.018904699173520487
-0.15305328690436248,0.5913386261434468,0.14994937483261406,0.23669900981110825,-0.07279165852079661,0.04933065480245802,-0.06693934890895609,-0.1319444778693093,0.024135124763784127,-0.08308715435184222
-0.0395380677714805,-0.16869194489934797,0.10768261954224723,-0.19029610639461414,0.16068526931571753,0.20534089206907685,0.03616307476537628,0.048787794974244625,-0.08679583478601216,-0.14258890747034594
-0.088350898037588,0.127914124783021,-0.002134425264244566,0.17525330415272006,0.3544976796171385,0.26642877160438244,0.07799822307153473,0.17048467741587428,0.09288553032302437,-0.0009959629243215806
-0.31463690380736153,-0.21001898635710992,-0.3985478654193204,-0.014020567242249052,0.3129413161633655,-0.0801454939427767,0.004694737546847849,0.06919382985896272,-0.08504247337490722,0.11048691749556659
-0.40113058755046027,-0.06515607386648326,0.1642578632619467,-0.20864289628409116,-0.03580865503107383,0.07334506332570373,0.09322516112200549,0.03743485621076942,0.0783498450876868,-0.017893136538171928
-0.5538195578919098,0.1798765691820805,-0.32879558598180714,0.2039460791698995,0.278482542992312,0.6225685822346161,0.23030801414301388,0.19852453594758773,0.09620975929007537,-0.09083660903680593
-0.3454327426507884,0.19971069041691536,0.11434996544695541,-0.010332830084661584,-0.0035613274453286103,-0.032575764672763685,-0.000556395759622963,0.06967337817177605,0.16869915677040936,0.08758038183331723
0.04548195092845242,0.19455529724841725,-0.12815864452870562,0.45806170188305634,0.03814539246599019,-0.17817855006578714,0.4944741690046348,-0.037955313061122875,-0.23057580364629593,-0.04677397518023038
-0.21976777989086393,0.26201112260302684,-0.1603422787521851,-0.15910396148924955,0.0664321223186281,-0.13933020185108602,-0.047423736341064004,-0.0037616677759559902,0.045154610932609696,0.04462081319943838
0.4981722789613408,0.33091581620489774,-0.3652037419944932,0.27644230736963504,0.13950218402036013,-0.009256646603630792,-0.16801269225600363,-0.08557641929025123,-0.19379873549855448,0.007408668249130959
0.08120744318517592,-0.27530338992483566,-0.11743142586673139,-0.0031769860832968205,-0.035786946234535766,-0.18197802883086084,0.057091405937178596,-0.08911638218859896,0.05290067832112055,-0.01723898244312605
-0.40824892098497556,0.7302623757064135,-0.22796280538576397,0.055524763473640895,-0.4094612420441849,-0.1803045428128504,-0.07860562846755048,-0.2497907620094525,-0.13437290067998492,-0.01980644160349601
-0.0438344715162543,-0.4152218390907906,-0.5162827625889369,-0.18626424215446735,0.19539278053279485,-0.2577838908845874,0.09527843848000475,-0.10915903767305041,0.01829286290228649,0.03302956435758085
0.5391341870337837,0.11023703161278409,0.2922742427768764,-0.07673865461787219,0.0632625963153598,-0.13302748987937457,-0.05875614708882759,-0.002129227545844381,-0.08118123716710463,-0.05981759912851756
0.027980932018164872,0.6350557587167318,-0.16636384449520436,0.03382515715311658,-0.09078724957869125,-0.23198111310824007,-0.19629542845809556,0.14721892190474853,-0.1731037403113012,0.039442538621365084
0.33456951061402057,0.12865653247181363,0.28089153161566716,-0.029988878536465507,-0.25049806498076455,0.500478308739905,-0.09878527425303935,-0.0778821082251746,-0.06714790077130633,0.5310967713778916
0.9396054843073471,0.4365994168234457,0.13689470495166,0.11951508108438398,-0.154382887979694,0.16233969551522814,-0.060966134491895196,-0.2776776820803041,-0.11761572988799246,0.008529997269776324
-0.21786661990020573,0.14356178935991937,0.04828013192425762,-0.0818356163289054,0.166451399246609,-0.021377292845057516,-0.10954926242153323,-0.0502105716217745,0.20601919205353397,0.07193681398262301
0.14519252623705547,-0.17501879855854313,0.2733850864970967,-0.2557010563548721,0.04287203071230128,-0.0023674749458026945,-0.0994064259972482,-0.08234825358007947,0.0027363541706197647,-0.09028183603354958
0.5890466512136985,0.47304006103404594,0.6141800610753222,-0.07638238280040485,-0.013879337667672409,0.3958113558010244,0.31263880918694087,-0.15032202692972585,-0.13758521414001812,0.08182163007306359
0.1302506791940662,-0.12012677387056514,0.37985075076116803,-0.32473405264572275,-0.10398898956851638,-0.19605985163144107,0.003914454493668229,-0.040292675646292964,0.055099340619759074,-0.050747237596798195
0.14508738337669547,-0.40188504115956414,0.06688618907306842,-0.05989292847273048,-0.02801291435717307,-0.10919223687291918,-0.12464910303850057,-0.034805562929386635,0.021864596088290306,-0.016469850044832812
0.42079218391729367,0.0422198356253648,-0.2752294746494396,-0.30143411759411204,-0.1488727844245535,0.713704512669572,0.013877801027810999,-0.12436072543557514,-0.40516703733525844,0.27881476256544513
0.21003597052596257,0.03274536557658958,-0.11998334729343474,-0.08701665876380896,0.0036873667550195166,-0.12756452110954303,0.006305121052735008,0.08518522514626176,-0.08713579900450885,-0.029857560736938127
-0.01925834895280687,-0.5518322970317175,-0.18102978412151016,0.2801118022480705,-0.20632429496880686,0.014687598454111661,-0.0027142639916118427,-0.013395534734712555,0.14556859331194258,-0.01526281874980781
-0.14830400350788575,-0.43031687417350645,0.07746091856771331,-0.35255050742904576,-0.04768265489493012,-0.06396222265590251,0.020933082990787888,0.01716439231477851,0.0979452500995583,0.011128678548089493
0.34537609888543336,0.2338370125776985,0.3278255098726227,-0.26156456455093985,-0.1616000161901489,-0.12995392221924174,-0.22267545629601293,0.11430398926053759,-0.25861965952927113,-0.1675780841818498
0.01991628144469959,-0.22974761151342915,-0.23017713394561068,-0.11361356625711436,0.024354773218438097,-0.07309529085030292,-0.1357958850777065,0.18877386422162162,0.06649090395962887,0.04064191806521247
-0.32966489884665906,0.1764950644659381,0.27241067828644183,-0.006353131684391139,0.2902953839444268,0.010438375329392291,0.14075840188751773,-0.1376913890885903,-0.18586832381634344,-0.06088258223143203
-0.04333590361861739,0.05532662129642518,0.22058412099741787,-0.04370821045122393,0.34795990272952304,0.03928011719871821,0.3388490466709796,0.2807971467930317,-0.01809192861370809,0.0035456173227177007
-0.4358400566779339,-0.23089936649259513,0.5083412600092613,-0.08107271756402379,-0.35962647816168286,0.03523268098272847,-0.17926528698116784,0.19050012077877881,0.16562901840459218,0.10392943301656879
0.2969264426487679,-0.0914293936051539,0.29292900012786605,-0.03652822127014972,0.42820909476902025,-0.38714439241330567,-0.11083639193792044,0.2540877375275833,0.05141283685412837,0.24100725306563983
-0.027996112008591867,-0.22135300192606805,-0.24808214538421136,-0.30025243200018453,0.136674422540581,0.08695923091389063,-0.09141620660005056,-0.08517590927207969,-0.04430269048756155,-0.04777573903505078
-0.0899092666968836,-0.32565371228357654,0.5090938344681083,0.17230389661659945,-0.1798972024486982,-0.30357911168906576,-0.07591113056394605,-0.17316247139366903,0.06303469165919415,-0.017465284969358896
-0.23556448311903178,0.4483436725572285,-0.26826819059945783,-0.37419886588413165,-0.23642992284467856,-0.1497240825994,0.2504450332698883,0.2733133840099624,0.014371504207358138,-0.06212934175500878
-0.2977946855529461,-0.03892513293293065,-0.17109507718115324,-0.016532060280055896,0.34163908988579317,0.20876781730148658,0.04344864425871092,0.1334505328825431,-0.012930047490313207,0.023874468701108223
-0.3564382711379892,-0.01563238780307874,0.02868187719778681,-0.32858824398791125,0.05924742058275939,0.09000343481371881,-0.09444811827426042,0.02481957670070739,-0.09286861306173355,-0.05126888416081421
0.28786746957217857,-0.16496082299736936,0.44763262008213267,0.07450375816920893,-0.3367034625312045,0.32809028627202447,-0.013965453675421347,-0.008485206531886391,-0.07971382845129121,0.603827160929873
-0.18458174976941744,-0.16656720856491258,0.050178732688020755,-0.03728533054641783,-0.2966836658537921,0.07867678528505301,-0.014545932586968346,-0.07028467353449647,0.0017411369431186707,-0.09187410162047233
-0.05524048971246398,0.07633651971354494,0.20878006670030425,0.10949893886544483,0.2712345560875391,-0.13460880834843658,-0.050950112460741714,0.0013870161812216675,0.057110886320826976,0.08781943146053721
-0.17860824537224085,0.7505303733294049,-0.41425937951967773,0.1609429447724854,-0.24753998440483072,-0.11267742857093066,-0.22320210269980445,0.32939454260153717,-0.04921626257271827,0.058775849514315734
-0.3256122186038368,0.18005090645618704,-0.23708249795566783,-0.00517434154321969,0.03612413720852009,-0.020473785910291864,0.039396409681088485,-0.31890651701449235,-0.021729447836826232,-0.06105367379516921
0.04012739884675931,-0.5955886106978714,0.07216934523527574,0.06936634023385871,0.048221404783016786,-0.3179825681429016,-0.03826199282844012,0.07490581239554833,-0.018245044985526537,0.04063865260105089
0.10248903721112668,-0.2529909145970549,0.01890017039149372,-0.03557053295752942,-0.011093054537148483,-0.2967400648121178,0.3081234588637378,0.049110466075629744,0.05111671467635734,-0.051679364333835714
-0.05248151499450571,-0.47726640013569255,-0.09668454780520375,0.20033857397500898,-0.016522535538334604,-0.20112832783739387,0.07638107916387618,0.10058588031065746,-0.05720314139542676,0.010612921372871634
0.0948701024311156,-0.26198736657689087,0.2835444981032288,0.4820243776191285,0.041968022421273676,0.04358719499104219,-0.045445525363583206,-0.03428047717208843,-0.15013111654743072,-0.11121226668405496
0.10543484190994934,0.33857215554202713,-0.09669335953823888,-0.4580509777148356,0.28787532834377605,0.12401176750273252,-0.041898970654621726,-0.04850430163504893,0.22539001117904292,0.002221774243289759
0.07864294263247518,-0.03530923126119234,0.23436054498200576,0.024392236656417224,-0.1273223102358074,0.12077870700602328,-0.18633268064546793,-0.13819644459955516,0.25573696263288054,-0.08204543356709412
0.44436088099713844,-0.009529733262407913,0.21366908592218203,-0.09714927344572727,0.10627074774733913,-0.2460180037215982,0.1958872078152349,0.03162907687057814,0.049221088925595013,0.004992473490298077
0.20037743285144294,-0.0867348188033309,-0.1890517333871582,-0.2457755391183542,-0.22972989302053998,-0.07170331667036861,0.12648173024507725,0.03884830004479861,0.19520244569441944,-0.03083691139089953
0.2904234390958903,-0.17751795989827807,-0.12870186003824557,0.10194847616371386,0.08544522234407265,0.08245455873188051,-0.18705205740100073,-0.13042419892118196,-0.03452052341276096,-0.07930780765650916
0.05662526470876472,-0.1151923624611767,0.5339602240578228,-0.03352213784351031,-0.06844034293617668,0.01879562927985934,0.32323735994882025,0.10264399521636125,-0.19297673345652033,-0.22740060814594734
-0.2876741439366757,0.4975679855063837,0.17421270579041537,-0.089571165846654,0.03015908795716371,-0.22575434464410027,-0.061728577846346167,0.04535408670287733,-0.03050309363911155,0.0729215567940315
-0.18783110974030104,0.11261274318783432,-0.3065872293193753,-0.30236196471853316,-0.1279707044805993,0.15959585498272327,-0.12141757609238168,-0.2772886259687356,0.02714428801818536,-0.11997465025278506
-0.1403346347622817,0.020498832286000024,-0.4361428499991122,-0.12955650818601042,0.0416980815650268,0.0693731846970036,-0.09202155887259877,-0.03013350908053175,0.020751978796398896,-0.018493995233632793
0.012734289476058147,-0.1360714114036562,-0.37349164079192304,0.2528069702761714,0.5424114689294347,-0.12235945675803866,-0.09913418415405217,0.04729049995983159,-0.22885593878766536,0.10989399615493486
0.3237805399298645,-0.3513039122653344,-0.24365361235438665,0.24645688059705717,0.042035256647386166,-0.023244230756475526,-0.2003497155288464,-0.12145919072237982,-0.10061580026927491,-0.08795135913031549
0.48532645067548985,-0.06904503119372885,-0.37632666057566283,-0.39612306998787744,0.11402042297412307,-0.32632288586821234,0.2382545340355284,-0.0507050701151342,-0.0490510126792599,0.017680259620454553
-0.06692978106737368,-0.45722756521206476,-0.3568658644798846,0.2953253866034725,-0.22173754591358372,0.018662357957523135,0.08466062637160071,-0.08201921604086754,-0.12709332393565675,-0.11915615439682858
-0.10058623517259724,0.38459364078977565,0.06543411855469028,-0.07643562700092205,0.0715998503218,-0.3159842796448037,6.23295036445981e-05,-0.23642021579778982,-0.06780490653938881,0.044315478476101886
-0.3453932345782169,-0.23989040245839688,-0.2568427273837822,0.04565750909669754,-0.20485682110738898,0.36512580693764757,-0.1661504509153941,-0.19961556879831144,-0.006628457871473009,-0.07408565689745358
-0.12050388876053164,-0.03418180407367222,-0.22049492335837462,-0.1239792356296601,0.28595807667459294,0.027796553696946558,-0.14182812074820056,0.03605253104257389,0.15510031404995905,-0.2100250764399574
0.17755766538037976,-0.016449355560356427,0.35813804646999403,0.16137185593791403,0.0008561769670656916,0.02743313233250788,0.2966621730848984,0.18382445936784328,-0.1479428072377731,-0.15635997126311565
0.2136285422995372,-0.32724089189769257,-0.02247797156954434,0.26905370649191096,-0.02288596725476888,-0.13041166540732452,-0.11306532911024059,-0.03251678208351211,0.16114984977601032,-0.06025603526508802
-0.22515558057808605,-0.5480276615843814,-0.11921563314478845,-0.21177188809676428,0.03816526200650017,0.1968097587495417,0.1302551294007228,0.02278760338910557,-0.2044342458817235,-0.06234587627204741
-0.1170537141525001,-0.07698599031664699,-0.01583837553045009,0.31739713678202386,0.4130682239550484,-0.06475592602106506,-0.15515790691695508,0.08301294673976783,-0.05764845113618461,0.11533392163344411
